dual,pickup_to_dropoff_distance
940.9136841268798,2126.4167809511478
652.1624993766006,1577.23361434939
361.57206863000624,899.7373146001066
656.1896164177584,1527.224224765571
419.88667092942546,564.4228794040273
956.0373694048292,2216.293681128012
415.3065930988629,737.8970211788395
605.3779910118002,1565.9755697613234
593.686184625628,1626.6315856195986
753.9263851169787,1795.1679656536303
624.7291046582238,1781.5492430493075
967.7919735134626,2314.9084145403835
731.1186269996028,1030.2168514459372
536.2229914100022,1526.7261792902832
982.6797644749386,1864.0796285358879
586.538944803242,1078.564610772731
584.3050299171732,1749.8716620393207
716.7896556731264,1943.2335025117204
462.5008681916619,1397.2821154598616
355.86720747161655,1383.6517376952038
500.3079669778846,1096.7383316601238
522.0764839289849,1424.121416455309
643.925355565808,1689.5876249770681
404.85681049701407,569.3274381335216
596.2085377041533,1366.016164007989
576.0182538730346,1835.9233780595812
1139.5791435473948,2444.3386129291644
582.6425597958769,1586.4741982777496
300.79833648941917,586.1677611244393
651.9453490843489,1517.5685966547426
719.3129419636798,1724.6101282718976
564.1733056324595,960.6011853116336
659.0670235038292,1772.0770418764384
637.0574586335824,1204.1156331031318
418.71745359113004,1348.7281820064413
520.2087798100853,1610.8271577632277
408.361775785856,1255.0373328279347
467.0739373724192,1719.302663351866
825.6905415028191,1988.2054025901857
1005.3563740864653,2329.2440813242692
690.9602894338855,956.259757526681
321.34899760191115,818.0195187455862
582.61801363981,1940.7629041623065
379.59712940231,1155.5572881633898
252.17616803282078,806.2730945592842
1357.8389686854885,2160.135405062143
578.0376371195542,1555.7120077827285
616.5449813983319,1675.9838791700658
725.0270282077739,1875.8081394752812
464.98432623847555,1383.954672582254
782.0399423256944,1184.9562588189801
561.0673376225623,1691.2560491788793
785.8321718027403,1795.823814758131
707.0769232069849,1854.5070108423674
400.7399114231325,1441.667316873309
300.64142643565185,829.2606878463372
288.5783810961298,819.6479156133472
951.0256812527762,1946.637757756043
664.7733343865211,1178.5271163963903
580.1104524047471,1746.7457209492056
656.4438593621933,1784.1023380628496
593.8790535016676,1908.7427504540735
478.8278564306545,782.4444870643101
820.4592936111296,2245.7468120858584
874.2155271506905,1606.4371294878827
871.9190233716498,1466.4200431029012
349.49475348039334,756.5358262240942
638.1168462540295,1496.4872831258303
810.6710183756171,2280.1510582315764
812.8810432643579,812.8810432643579
773.3112094521377,1438.6470257196947
901.0524414353397,1953.4718642160994
568.6691881886015,1684.7818853548213
688.9935669535422,942.0752833277566
661.1838116058715,1804.3724456828045
285.02118771753726,909.9242627738872
894.0994363960205,2549.235378750375
1220.7588596114235,2326.4263590614664
763.1653471332678,1883.208975907742
788.7338981835924,1623.077470259269
471.1051398775079,1033.250286202686
177.7584494284493,2087.71306720905
1016.8734165979268,1460.241566046369
546.3210710980688,871.618258291188
319.3310187104638,698.8815567227025
380.10327191301405,1469.1303919771522
961.2562216461092,1612.4992087279493
1383.0590193064859,1929.6793233447368
506.2200735471608,1013.4401470943216
555.6005722804459,1234.0885036596537
663.3343978299962,1012.5550472554106
549.2559470954266,1535.0375776805488
510.80411624183535,1790.229929943423
661.0473253204532,1270.1774835080932
822.4222118176739,1292.0326367086054
329.7114667346791,841.3376573422495
594.0110717339683,1885.2070844960342
495.82596653782025,1392.526609730149
501.94670568533184,588.5893566811311
316.4920517558393,812.8351525672473
818.7899854656845,2312.9453674166343
384.5356302157942,1419.731401512571
312.1927749920881,596.1423570714094
650.964061125039,1269.7383135426176
636.738193732689,1063.8295774815783
808.7731023833662,1602.206493603453
289.58967238368575,844.6858642728001
832.8289120377871,2511.2761718814936
291.82361958761703,912.1771705035675
507.2200735471608,1013.4401470943216
575.0182538730346,1835.9233780595812
270.90280497131494,1134.6483918822921
531.1706120956387,685.333601738355
532.369438290488,1921.888675498775
324.68859699275174,892.2095656243571
621.9930437006208,1387.4420263220536
746.1921919844413,1933.697054499259
300.5138679715374,1399.7127540270617
435.82766716132096,614.9701149052797
629.112519631192,1611.863611817296
1019.6938854586452,2195.738201852595
784.2407565355325,2273.907194576262
640.0928372880858,1704.4588433806314
559.2512619840784,1819.9715795799016
495.5678758268721,1469.1303919771522
507.68078064899294,1324.248232890255
908.899634007629,997.0341912352283
521.8898530636915,1012.4304840055912
399.3073727473435,840.4626102205036
610.0880799962999,1213.9759148079722
299.64142643565185,829.2606878463372
613.5039436989389,1840.4165663527108
604.3776538075886,1575.880940052362
1320.1731698853675,2092.3932324827956
975.8092900645233,1442.7724591811616
786.2536771119422,1468.3697073935691
145.74691511796198,1333.9618375985274
527.7597148427251,1345.1958095368088
802.3606981504198,1300.9884234882343
679.1083198032511,1841.4366488019061
368.795071932547,692.8898321340114
425.964483072591,425.964483072591
512.5706888208983,1410.6554749479367
763.5873202850107,2284.730734148719
415.85779592026745,1133.8338049971405
610.7344153267518,997.112840585029
830.248312413843,1856.204232581603
287.7110016339042,807.6815571059533
903.2855682722641,1325.6412028620227
939.8934952515721,1853.5457644713356
1127.973315452318,2325.5827392076403
380.70484167640114,1196.7793986273066
1075.077203677286,1825.0862245371575
858.4619972292759,1566.2576544321983
413.9951515008265,747.3953849264466
748.4902909059913,1688.1765810522606
432.6256684536792,1419.5981947809046
374.8468271062718,921.4842922200266
165.51480440873078,624.6102561509127
388.1467282009985,388.1467282009985
793.5774142848761,1760.6032166027255
629.161239960752,1927.6010885263088
906.1438948324585,2222.9082946852523
1193.4292018626165,2420.2504245810364
971.9322877491094,2300.953954474432
485.0792579269816,1215.6452135480204
444.83241187290514,824.1754096297091
736.9332254782029,1899.4078725493068
491.95389223155314,1459.1744043111767
736.1436257128847,736.1436257128847
746.2342848287046,1557.3518173201023
643.2335258701708,762.6082912015615
812.875991553095,2256.082132648999
433.34262608068457,969.5819188367909
617.9067806613288,1416.4947152927493
236.00080159016204,601.3076275884312
264.66520190963615,1076.3152390595014
547.2090797917291,1125.5012894115769
721.6102901612767,2152.9847738064727
635.8969856457304,1362.0216055259073
865.962020771256,2092.8914974412337
359.42275353323976,650.4948198675332
183.75892055116856,1397.2821154598616
495.0837702114944,1066.698751637264
981.8791661984685,1927.7938699657589
856.3531784697268,868.328098256117
864.4053588951118,1223.4790668769263
1019.8520072057215,1079.2559574368033
1191.0298368347385,2581.851592016527
314.9155232980661,546.3767664873548
917.1634921456453,2112.613142448599
675.6699424180117,1748.8581344886788
712.3685294906994,1461.9872955920332
575.1516554742293,1216.1578551234506
307.4289211133528,575.4999543031477
817.2159609303687,1014.3515937749813
611.2289159942177,1284.229625915487
593.5356475276578,1127.8172373479824
563.4844117603468,1375.8469858801946
797.3272993398402,2311.6702997299335
285.44035901936394,1570.654540052412
376.272105904511,888.537751618713
499.8664518021062,1171.8680765718614
720.0864784898633,1809.475147497739
226.1376781235422,1018.8131567203058
514.101089298161,1145.3695241641933
607.785474157219,1153.1276602721425
602.5224396406783,1054.9940221348022
437.71468244710076,1250.827762669059
430.34368902180796,1510.1079427652567
928.7908130950896,2065.043458613402
596.8964261050885,1729.0212971435585
352.5981411800051,785.163898651304
926.8874182784257,1731.7735534429798
413.89492133193335,1282.2129374485955
762.5114517466434,1593.2012950784165
636.1080762408022,1604.9361234583866
365.0947582497255,1214.8020340863789
580.3204767119129,1116.1120052811298
549.5294337870578,886.7069724922172
626.0693966817261,1400.4809751877656
606.7947229347017,606.7947229347018
785.5026489905684,1821.869521400421
849.6203905408408,1757.0805906634318
593.2026745182025,1908.8632008095867
613.7862781886263,1734.6288675090932
516.8218677143275,937.1479581319471
894.7420160433875,2006.5542470892092
149.89819122077645,812.5318828528642
361.5591156361182,361.5591156361182
693.3689347558767,1517.627897658227
571.6478948712295,1513.1092220208118
819.4444774342612,1581.0279291506206
998.7688357175011,2200.09422853073
361.31794867853023,918.4896632452813
1944.2819951068723,1944.2819951068723
550.8203219724941,1219.0355592507979
823.3004360925365,2260.3526382478954
1027.6181857692043,1397.2821154598616
412.1344661157284,1355.2933368283534
714.7223133222283,1859.9332453624531
854.5236598452469,1757.4631121710866
876.6505822388399,1729.7315504227113
1339.4772546592508,2570.7926315391037
897.6697898616349,2561.472041460913
459.1273735371544,1708.660313773618
712.5260530298092,1481.7354367657442
578.8895775821559,1089.1824165360895
649.6683176083184,1480.10464364167
1183.5415809713993,2412.48376805182
940.2571542077726,2321.9722558218223
981.7072040642546,1639.060788245162
504.8252464268447,937.8359167487251
256.71326621326557,818.922665524738
257.3456954869992,796.6506357169685
283.50168120429146,823.8851827589546
566.688116497955,1697.6631891147688
291.23924385372015,1133.4986656328667
507.78940118992665,1182.964034385132
930.7559133287805,930.7559133287805
296.25872344297386,834.4655767023744
440.97212610155856,996.4196448665074
376.3098293005954,823.3426161942629
596.737654265608,1764.180960408305
474.8105180278976,1086.5293667144729
582.6851038960099,2174.9922413505547
541.7933350003908,1562.5777975116544
639.025534122866,690.0890363670873
738.7305876090904,1908.1404551265564
755.414181807291,1762.7530785595086
945.6480057190718,1483.4986252388005
289.17011512351837,791.4725448349725
1071.6161144097234,2521.91528426686
882.0077759766236,2321.4512191963754
945.7778522819169,2075.8982946858773
1004.176152753704,2526.9611751277666
636.4494453371643,1880.7308286395835
612.6696293293442,889.3075105977215
783.0300118082573,2112.613142448599
862.8141230445659,2304.178665513971
937.7584963607076,1434.2115968558564
611.7225127823922,1512.9258397440967
650.0770326694521,1949.0982483394398
684.5462691199585,2059.1427819367586
405.49600760812064,729.2638687781127
606.3306598141271,1105.0961176525393
435.38368028117213,1502.5390301557954
792.2361271683744,1996.4113826150128
493.86856435413927,1481.494711547267
642.0155534900541,2169.77929779158
543.5357746706707,543.5357746706707
401.69032199538583,1368.595789460191
449.4201111595687,1574.0116687294944
847.2757111907688,1082.4477826560058
281.48554703007875,1079.3631140699642
180.46805957913475,798.1481092550664
498.0922274765753,1313.3561120339107
906.1556652442753,1538.4355246504165
331.4891932979376,539.014854607203
481.51853321345106,1440.7942258098833
834.1029359796903,1150.1934610832557
760.0255391479143,2095.5403678658477
592.1766315980092,1488.3148361931765
927.7348321932288,1260.9648474486287
678.7358195719247,1752.667530933322
783.9554740426368,1904.5816476291918
606.7379749822771,1531.698102416392
435.7445017480047,826.2296727960803
960.133615864513,1924.931235786916
536.3782183402419,536.3782183402419
549.273162092702,944.9978504242415
118.44647386120641,604.2533229835112
754.414181807291,1762.7530785595086
883.1727908684984,2105.328766843207
292.97995273662355,292.97995273662355
1114.3644388246494,1983.8626702789384
728.5748252074387,1721.4453465463923
649.5366871771879,1836.95958404556
658.0670235038293,1772.0770418764384
296.8731332264656,593.6627881606668
758.7801571746415,1850.6715017071356
405.5626407700608,1564.6370523204907
478.80232209245935,1573.8648058601323
587.8756069932656,587.8756069932655
237.42276358774274,607.3353101752649
685.0482370265936,1257.4037358735848
456.8312471252374,1644.924138150137
611.414770896993,1210.4046333525139
567.8945009247643,567.8945009247643
635.1816926838894,1025.6002433670176
651.4357236900718,651.4357236900718
836.7532778807131,1014.3515937749813
562.3224515888614,1918.8716744310552
600.1705249388065,829.2101948519745
864.7308631632322,1072.8356037487024
502.6799562982379,1114.4265660900803
281.44687808389926,1224.3539511754052
713.3798840036966,1700.8054294482772
801.1682848483447,1740.7835446043691
772.930661408384,1576.4129251598422
604.1017436640655,1000.84113552243
407.25172985986745,1231.6216904103428
812.8392650584835,2517.0907815227893
664.6916551788254,1021.7481420079038
754.4388506225577,1913.0870970629999
1827.3904814695766,2542.8552477615017
688.3539930351006,2327.1673193784827
595.8943152852225,1509.2412711264121
805.5413375189978,2115.5567940873675
965.6482670985271,2095.0424169704875
649.5294107573347,1943.3211373441184
956.731504701452,2118.672422241295
855.117245663575,1021.0163663088267
829.0335235075732,1154.4590641576387
729.065014644754,1594.0837941116445
618.2866133674685,1487.2258373810614
897.8925227766117,1982.2072938141407
322.94486310115917,704.6687674939855
886.3145393299742,1781.3869845770905
1019.5262017733296,1947.8221335808762
738.1714867628793,2103.3263346409017
616.3059330696274,910.4673424817834
809.1944799671835,1655.0853648516504
722.5730376314856,916.784314007305
519.2087798100853,1610.8271577632277
886.1818325985677,1147.658802372391
414.7929963408331,1724.4422854059162
754.5728963176214,1163.2035711540814
564.6318994961237,717.9298441381543
627.6337489333523,2178.4144971624914
729.0094963593399,921.5148889877294
711.9564192601632,1454.4582415321836
1036.7758384590459,2068.1810530448943
573.947062951826,1566.2866245161363
1055.6019723422055,1771.76600141062
565.8995869414662,895.7287015082856
950.945462608245,950.945462608245
402.51120547949546,884.6548632534954
750.9456938771159,1603.4050277410813
1004.6777577651274,2318.6793746392545
880.3000913381367,1480.10464364167
331.9207093770616,886.6639381980181
371.82429688032073,371.82429688032073
708.7473349140121,1829.602586172812
499.00792139110763,1698.4064171175412
660.8413576536052,1842.369253191517
623.9947745119983,1425.6916041887596
920.5558939244875,2337.2216789928543
667.3362409620217,924.5701864957897
834.0646098474317,1580.1139407498904
572.3493239287789,572.3493239287789
421.48308926593745,519.1442147885186
625.734549513329,1838.6696894167258
651.1837817396703,1417.1820409243162
399.6760350214611,638.8630331138895
1536.2841988505888,2622.150202824107
1219.4697868586895,1536.370604608685
1021.0681231062317,2152.1427972967585
768.9851410421181,886.9574212368065
555.8099590356151,1569.7171162052398
